-- --------------------------------------------------------
-- Host:                         127.0.0.1
-- Server version:               8.0.30 - MySQL Community Server - GPL
-- Server OS:                    Win64
-- HeidiSQL Version:             12.1.0.6537
-- --------------------------------------------------------

/*!40101 SET @OLD_CHARACTER_SET_CLIENT=@@CHARACTER_SET_CLIENT */;
/*!40101 SET NAMES utf8 */;
/*!50503 SET NAMES utf8mb4 */;
/*!40103 SET @OLD_TIME_ZONE=@@TIME_ZONE */;
/*!40103 SET TIME_ZONE='+00:00' */;
/*!40014 SET @OLD_FOREIGN_KEY_CHECKS=@@FOREIGN_KEY_CHECKS, FOREIGN_KEY_CHECKS=0 */;
/*!40101 SET @OLD_SQL_MODE=@@SQL_MODE, SQL_MODE='NO_AUTO_VALUE_ON_ZERO' */;
/*!40111 SET @OLD_SQL_NOTES=@@SQL_NOTES, SQL_NOTES=0 */;


-- Dumping database structure for lessonsdb
CREATE DATABASE IF NOT EXISTS `lessonsdb` /*!40100 DEFAULT CHARACTER SET utf8mb4 COLLATE utf8mb4_0900_ai_ci */ /*!80016 DEFAULT ENCRYPTION='N' */;
USE `lessonsdb`;

-- Dumping structure for table lessonsdb.lectures
CREATE TABLE IF NOT EXISTS `lectures` (
  `id` int NOT NULL AUTO_INCREMENT,
  `chapter` varchar(255) DEFAULT NULL,
  `created_at` datetime(6) DEFAULT NULL,
  `description` varchar(5000) DEFAULT NULL,
  `lecture_link` varchar(255) DEFAULT NULL,
  `lecture_name` varchar(255) NOT NULL,
  `link_genspack` varchar(255) DEFAULT NULL,
  `status` enum('Created','Creating','New') NOT NULL,
  `subject` varchar(255) NOT NULL,
  `user_id` int DEFAULT NULL,
  `study_class` varchar(255) DEFAULT NULL,
  PRIMARY KEY (`id`),
  KEY `FK2p6fn5t757wjgdpskia7t3l24` (`user_id`),
  CONSTRAINT `FK2p6fn5t757wjgdpskia7t3l24` FOREIGN KEY (`user_id`) REFERENCES `users` (`id`)
) ENGINE=InnoDB AUTO_INCREMENT=5 DEFAULT CHARSET=utf8mb4 COLLATE=utf8mb4_0900_ai_ci;

-- Dumping data for table lessonsdb.lectures: ~2 rows (approximately)
INSERT INTO `lectures` (`id`, `chapter`, `created_at`, `description`, `lecture_link`, `lecture_name`, `link_genspack`, `status`, `subject`, `user_id`, `study_class`) VALUES
	(1, 'Chương 1: Giới thiệu Spring Boot', '2025-06-10 13:46:37.093747', 'Bài giảng giới thiệu về Spring Boot framework', 'https://example.com/lecture1', 'Spring Boot Cơ Bản', 'https://genspack.com/lecture1', 'Created', 'Lập trình Web', 1, '5'),
	(2, 'Tên chương', '2025-06-10 13:52:56.810907', 'Mô tả bài giảng mớiiiiiiiiiiiiiiiiii', 'Link bài giảng', 'Tên bài giảng', 'Link Genspack', 'New', 'Tên môn học', 1, '6'),
	(4, 'Chapter 1', '2025-06-13 15:47:57.358340', 'mô tả', '111111', 'lịch sử đảng', 'http://127.0.0.1:5500/manage_slide/admin.html#', 'Created', 'History', 1, '3');

-- Dumping structure for table lessonsdb.roles
CREATE TABLE IF NOT EXISTS `roles` (
  `id` int NOT NULL AUTO_INCREMENT,
  `name` varchar(255) NOT NULL,
  PRIMARY KEY (`id`),
  UNIQUE KEY `UKofx66keruapi6vyqpv6f2or37` (`name`)
) ENGINE=InnoDB AUTO_INCREMENT=4 DEFAULT CHARSET=utf8mb4 COLLATE=utf8mb4_0900_ai_ci;

-- Dumping data for table lessonsdb.roles: ~2 rows (approximately)
INSERT INTO `roles` (`id`, `name`) VALUES
	(1, 'Giáo viên'),
	(2, 'Học sinh'),
	(3, 'Tất cả');

-- Dumping structure for table lessonsdb.slides
CREATE TABLE IF NOT EXISTS `slides` (
  `id` int NOT NULL AUTO_INCREMENT,
  `id_role` int DEFAULT NULL,
  `lecture_id` int NOT NULL,
  `slide_order` int DEFAULT NULL,
  `html_content` text,
  `title` varchar(255) NOT NULL,
  `created_at` datetime(6) DEFAULT NULL,
  PRIMARY KEY (`id`),
  KEY `FKltly74numqgvjr79t4jobx6nk` (`lecture_id`),
  KEY `FKdpcqrfqo9gtdmlyu4xcbivpl0` (`id_role`),
  CONSTRAINT `FKdpcqrfqo9gtdmlyu4xcbivpl0` FOREIGN KEY (`id_role`) REFERENCES `roles` (`id`),
  CONSTRAINT `FKltly74numqgvjr79t4jobx6nk` FOREIGN KEY (`lecture_id`) REFERENCES `lectures` (`id`)
) ENGINE=InnoDB AUTO_INCREMENT=11 DEFAULT CHARSET=utf8mb4 COLLATE=utf8mb4_0900_ai_ci;

-- Dumping data for table lessonsdb.slides: ~5 rows (approximately)
INSERT INTO `slides` (`id`, `id_role`, `lecture_id`, `slide_order`, `html_content`, `title`, `created_at`) VALUES
	(4, 1, 1, 2, '<p>Nội dung HTML đã được cập nhật cho slide 1.</p>', 'Tiêu đề mới cho Slide 1', '2025-06-10 14:14:12.543585'),
	(5, 2, 1, 3, '<h2>Chương 1 - Phần tiếp theo</h2><p>Nội dung chi tiết đã được cập nhật.</p>', 'Slide 2 đã sửa đổi', '2025-06-10 14:14:12.547179'),
	(6, 1, 2, 1, '<!DOCTYPE html>\r\n<html lang="vi">\r\n<head>\r\n  <meta charset="UTF-8" />\r\n  <meta name="viewport" content="width=device-width, initial-scale=1.0" />\r\n  <title>Quy tắc nhân số thập phân - Slide 3</title>\r\n  <link href="https://cdn.jsdelivr.net/npm/tailwindcss@2.2.19/dist/tailwind.min.css" rel="stylesheet" />\r\n  <link rel="stylesheet" href="https://cdn.jsdelivr.net/npm/@fortawesome/fontawesome-free@6.4.0/css/all.min.css" />\r\n  <link href="https://fonts.googleapis.com/css2?family=Nunito:wght@400;600;700;800&display=swap" rel="stylesheet" />\r\n  <style>\r\n    body {\r\n      font-family: \'Nunito\', sans-serif;\r\n    }\r\n\r\n    .slide-container {\r\n      min-height: 100vh;\r\n      background: linear-gradient(135deg, #ff9a9e 0%, #fecfef 50%, #fecfef 100%);\r\n      position: relative;\r\n      overflow: hidden;\r\n    }\r\n\r\n    .floating-shapes {\r\n      position: absolute;\r\n      width: 100%;\r\n      height: 100%;\r\n      pointer-events: none;\r\n    }\r\n\r\n    .shape {\r\n      position: absolute;\r\n      border-radius: 50%;\r\n      opacity: 0.1;\r\n      animation: float 10s ease-in-out infinite;\r\n    }\r\n\r\n    .shape:nth-child(1) {\r\n      width: 80px;\r\n      height: 80px;\r\n      background: #14B57F;\r\n      top: 10%;\r\n      left: 5%;\r\n      animation-delay: 0s;\r\n    }\r\n\r\n    .shape:nth-child(2) {\r\n      width: 120px;\r\n      height: 120px;\r\n      background: #1865F2;\r\n      bottom: 15%;\r\n      right: 8%;\r\n      animation-delay: 5s;\r\n    }\r\n\r\n    @keyframes float {\r\n      0%, 100% { transform: translateY(0px) rotate(0deg); }\r\n      50% { transform: translateY(-10px) rotate(180deg); }\r\n    }\r\n\r\n    .slide-in {\r\n      animation: slideIn 0.8s ease-out;\r\n    }\r\n\r\n    .fade-in {\r\n      animation: fadeIn 1s ease-out 0.3s both;\r\n    }\r\n\r\n    .scale-in {\r\n      animation: scaleIn 0.6s ease-out 0.6s both;\r\n    }\r\n\r\n    @keyframes slideIn {\r\n      from {\r\n        transform: translateX(-50px);\r\n        opacity: 0;\r\n      }\r\n      to {\r\n        transform: translateX(0);\r\n        opacity: 1;\r\n      }\r\n    }\r\n\r\n    @keyframes fadeIn {\r\n      from { opacity: 0; }\r\n      to { opacity: 1; }\r\n    }\r\n\r\n    @keyframes scaleIn {\r\n      from {\r\n        transform: scale(0.8);\r\n        opacity: 0;\r\n      }\r\n      to {\r\n        transform: scale(1);\r\n        opacity: 1;\r\n      }\r\n    }\r\n\r\n    .rule-card {\r\n      background: rgba(255, 255, 255, 0.95);\r\n      border-radius: 20px;\r\n      box-shadow: 0 15px 30px rgba(0, 0, 0, 0.1);\r\n      backdrop-filter: blur(10px);\r\n      border: 2px solid rgba(255, 255, 255, 0.3);\r\n    }\r\n\r\n    .step-number {\r\n      background: linear-gradient(135deg, #667eea 0%, #764ba2 100%);\r\n      color: white;\r\n      width: 40px;\r\n      height: 40px;\r\n      border-radius: 50%;\r\n      display: flex;\r\n      align-items: center;\r\n      justify-content: center;\r\n      font-weight: bold;\r\n      font-size: 18px;\r\n    }\r\n\r\n    .example-box {\r\n      background: linear-gradient(135deg, #a8edea 0%, #fed6e3 100%);\r\n      border-radius: 15px;\r\n      border: 2px solid rgba(255, 255, 255, 0.5);\r\n    }\r\n\r\n    .math-operation {\r\n      font-family: \'Courier New\', monospace;\r\n      font-size: 20px;\r\n      line-height: 1.4;\r\n    }\r\n\r\n    .highlight-decimal {\r\n      color: #E53E3E;\r\n      font-weight: bold;\r\n    }\r\n\r\n    .highlight-result {\r\n      color: #14B57F;\r\n      font-weight: bold;\r\n    }\r\n\r\n    .pulse-glow {\r\n      animation: pulseGlow 2s infinite;\r\n    }\r\n\r\n    @keyframes pulseGlow {\r\n      0%, 100% {\r\n        box-shadow: 0 0 20px rgba(102, 126, 234, 0.3);\r\n      }\r\n      50% {\r\n        box-shadow: 0 0 30px rgba(102, 126, 234, 0.6);\r\n      }\r\n    }\r\n  </style>\r\n</head>\r\n<body class="overflow-x-hidden">\r\n  <div class="slide-container flex flex-col p-4 sm:p-6 md:p-8 relative">\r\n    <div class="floating-shapes">\r\n      <div class="shape"></div>\r\n      <div class="shape"></div>\r\n    </div>\r\n\r\n    <!-- Header -->\r\n    <div class="slide-in mb-6">\r\n      <div class="flex flex-col sm:flex-row items-start sm:items-center gap-4">\r\n        <div class="flex items-center justify-center w-14 h-14 sm:w-16 sm:h-16 bg-white bg-opacity-20 rounded-full">\r\n          <i class="fas fa-cogs text-xl sm:text-2xl text-white"></i>\r\n        </div>\r\n        <h1 class="text-3xl sm:text-4xl md:text-5xl font-bold text-white">Quy tắc nhân số thập phân</h1>\r\n      </div>\r\n      <div class="w-32 h-2 bg-white bg-opacity-30 rounded-full mt-3"></div>\r\n    </div>\r\n\r\n    <!-- Main Grid -->\r\n    <div class="flex-1 grid grid-cols-1 md:grid-cols-2 gap-6">\r\n      <!-- Left Column -->\r\n      <div class="fade-in">\r\n        <div class="rule-card p-5 sm:p-6 h-full">\r\n          <h2 class="text-xl sm:text-2xl font-bold text-gray-800 mb-4 flex items-center">\r\n            <i class="fas fa-list-ol text-blue-500 mr-3"></i>\r\n            Các bước thực hiện\r\n          </h2>\r\n\r\n          <div class="space-y-4">\r\n            <div class="flex items-start space-x-4">\r\n              <div class="step-number">1</div>\r\n              <div>\r\n                <div class="font-semibold text-gray-800">Nhân như số tự nhiên</div>\r\n                <div class="text-gray-600 text-sm">Bỏ qua dấu phẩy, nhân bình thường</div>\r\n              </div>\r\n            </div>\r\n            <div class="flex items-start space-x-4">\r\n              <div class="step-number">2</div>\r\n              <div>\r\n                <div class="font-semibold text-gray-800">Đếm chữ số thập phân</div>\r\n                <div class="text-gray-600 text-sm">Tổng chữ số sau dấu phẩy của cả hai số</div>\r\n              </div>\r\n            </div>\r\n            <div class="flex items-start space-x-4">\r\n              <div class="step-number">3</div>\r\n              <div>\r\n                <div class="font-semibold text-gray-800">Đặt dấu phẩy</div>\r\n                <div class="text-gray-600 text-sm">Từ phải sang trái trong kết quả</div>\r\n              </div>\r\n            </div>\r\n          </div>\r\n\r\n          <div class="mt-6 p-4 bg-yellow-50 rounded-lg border-l-4 border-yellow-400">\r\n            <div class="flex items-center space-x-2">\r\n              <i class="fas fa-lightbulb text-yellow-500"></i>\r\n              <span class="font-semibold text-gray-800">Ghi nhớ:</span>\r\n            </div>\r\n            <p class="text-gray-700 mt-2">Số chữ số thập phân của tích = tổng số chữ số thập phân của các thừa số</p>\r\n          </div>\r\n        </div>\r\n      </div>\r\n\r\n      <!-- Right Column -->\r\n      <div class="scale-in">\r\n        <div class="rule-card p-5 sm:p-6 h-full">\r\n          <h2 class="text-xl sm:text-2xl font-bold text-gray-800 mb-4 flex items-center">\r\n            <i class="fas fa-calculator text-green-500 mr-3"></i>\r\n            Ví dụ minh họa\r\n          </h2>\r\n\r\n          <div class="example-box p-5 sm:p-6">\r\n            <div class="text-center mb-4">\r\n              <div class="text-2xl sm:text-3xl font-bold text-gray-800">2.3 × 1.5 = ?</div>\r\n            </div>\r\n\r\n            <div class="math-operation text-center space-y-3">\r\n              <div class="text-gray-700">\r\n                <strong>Bước 1:</strong> Nhân 23 × 15 = 345\r\n              </div>\r\n              <div class="text-gray-700">\r\n                <strong>Bước 2:</strong> Đếm chữ số thập phân<br />\r\n                2.<span class="highlight-decimal">3</span> (1 chữ số) + 1.<span class="highlight-decimal">5</span> (1 chữ số) = 2 chữ số\r\n              </div>\r\n              <div class="text-gray-700">\r\n                <strong>Bước 3:</strong> Đặt dấu phẩy<br />\r\n                345 → <span class="highlight-result">3.45</span>\r\n              </div>\r\n            </div>\r\n\r\n            <div class="mt-4 p-3 bg-green-100 rounded-lg text-center pulse-glow">\r\n              <div class="text-xl sm:text-2xl font-bold text-green-700">\r\n                Đáp án: 2.3 × 1.5 = 3.45\r\n              </div>\r\n            </div>\r\n          </div>\r\n        </div>\r\n      </div>\r\n    </div>\r\n\r\n    <!-- Tips Bottom -->\r\n    <div class="fade-in mt-6">\r\n      <div class="rule-card p-4">\r\n        <div class="flex flex-col sm:flex-row justify-center gap-4 sm:gap-8 text-center sm:text-left">\r\n          <div class="flex items-center space-x-2 justify-center sm:justify-start">\r\n            <i class="fas fa-check-circle text-green-500 text-lg"></i>\r\n            <span class="text-gray-800 font-semibold">Thực hành nhiều để thành thạo</span>\r\n          </div>\r\n          <div class="flex items-center space-x-2 justify-center sm:justify-start">\r\n            <i class="fas fa-eye text-blue-500 text-lg"></i>\r\n            <span class="text-gray-800 font-semibold">Chú ý vị trí dấu phẩy</span>\r\n          </div>\r\n          <div class="flex items-center space-x-2 justify-center sm:justify-start">\r\n            <i class="fas fa-heart text-red-500 text-lg"></i>\r\n            <span class="text-gray-800 font-semibold">Kiên nhẫn và cẩn thận</span>\r\n          </div>\r\n        </div>\r\n      </div>\r\n    </div>\r\n  </div>\r\n</body>\r\n</html>\r\n\r\n', 'Giới thiệu chung về Slide 1', '2025-06-10 14:25:30.097952'),
	(7, 2, 2, 2, '<!DOCTYPE html>\r\n<html lang="vi">\r\n\r\n<head>\r\n  <meta charset="UTF-8">\r\n  <meta name="viewport" content="width=device-width, initial-scale=1.0">\r\n  <title>Số thập phân là gì? - Slide 2</title>\r\n  <link href="https://cdn.jsdelivr.net/npm/tailwindcss@2.2.19/dist/tailwind.min.css" rel="stylesheet">\r\n  <link rel="stylesheet" href="https://cdn.jsdelivr.net/npm/@fortawesome/fontawesome-free@6.4.0/css/all.min.css">\r\n  <link href="https://fonts.googleapis.com/css2?family=Nunito:wght@400;600;700;800&display=swap" rel="stylesheet">\r\n  <style>\r\n    body {\r\n      font-family: \'Nunito\', sans-serif;\r\n      margin: 0;\r\n      padding: 0;\r\n      background: #000;\r\n    }\r\n\r\n    .slide-container {\r\n      aspect-ratio: 16 / 9;\r\n      width: 100vw;\r\n      max-height: 100vh;\r\n      background: linear-gradient(135deg, #4facfe 0%, #00f2fe 100%);\r\n      overflow: hidden;\r\n      display: flex;\r\n      justify-content: center;\r\n      align-items: center;\r\n    }\r\n\r\n    .slide-wrapper {\r\n      width: 100%;\r\n      height: 100%;\r\n      padding: 2vmin;\r\n      box-sizing: border-box;\r\n      position: relative;\r\n    }\r\n\r\n    .floating-shapes {\r\n      position: absolute;\r\n      width: 100%;\r\n      height: 100%;\r\n      pointer-events: none;\r\n    }\r\n\r\n    .shape {\r\n      position: absolute;\r\n      border-radius: 50%;\r\n      opacity: 0.15;\r\n      animation: float 8s ease-in-out infinite;\r\n    }\r\n\r\n    .shape:nth-child(1) {\r\n      width: 4vmin;\r\n      height: 4vmin;\r\n      background: #FF6B35;\r\n      top: 15%;\r\n      left: 8%;\r\n      animation-delay: 0s;\r\n    }\r\n\r\n    .shape:nth-child(2) {\r\n      width: 6vmin;\r\n      height: 6vmin;\r\n      background: #14B57F;\r\n      top: 70%;\r\n      right: 10%;\r\n      animation-delay: 3s;\r\n    }\r\n\r\n    .shape:nth-child(3) {\r\n      width: 5vmin;\r\n      height: 5vmin;\r\n      background: #9059FF;\r\n      top: 40%;\r\n      right: 25%;\r\n      animation-delay: 6s;\r\n    }\r\n\r\n    @keyframes float {\r\n      0%, 100% { transform: translateY(0) rotate(0deg); }\r\n      50% { transform: translateY(-1vmin) rotate(180deg); }\r\n    }\r\n\r\n    .slide-in-left { animation: slideInLeft 1s ease-out; }\r\n    .slide-in-right { animation: slideInRight 1s ease-out 0.3s both; }\r\n    .fade-in-up { animation: fadeInUp 1s ease-out 0.6s both; }\r\n\r\n    @keyframes slideInLeft {\r\n      from { transform: translateX(-100%); opacity: 0; }\r\n      to { transform: translateX(0); opacity: 1; }\r\n    }\r\n\r\n    @keyframes slideInRight {\r\n      from { transform: translateX(100%); opacity: 0; }\r\n      to { transform: translateX(0); opacity: 1; }\r\n    }\r\n\r\n    @keyframes fadeInUp {\r\n      from { transform: translateY(2vmin); opacity: 0; }\r\n      to { transform: translateY(0); opacity: 1; }\r\n    }\r\n\r\n    .decimal-box {\r\n      background: rgba(255, 255, 255, 0.95);\r\n      border-radius: 1.5vmin;\r\n      box-shadow: 0 1vmin 2vmin rgba(0, 0, 0, 0.1);\r\n      backdrop-filter: blur(0.5vmin);\r\n      border: 0.1vmin solid rgba(255, 255, 255, 0.3);\r\n    }\r\n\r\n    .number-highlight {\r\n      background: linear-gradient(45deg, #FF6B35, #F7931E);\r\n      -webkit-background-clip: text;\r\n      -webkit-text-fill-color: transparent;\r\n      font-weight: bold;\r\n    }\r\n\r\n    .decimal-point { color: #E53E3E; font-size: 1.2em; font-weight: bold; }\r\n    .whole-part { color: #2B6CB0; font-weight: bold; }\r\n    .decimal-part { color: #14B57F; font-weight: bold; }\r\n\r\n    .place-value-card {\r\n      background: linear-gradient(135deg, #667eea 0%, #764ba2 100%);\r\n      border-radius: 1vmin;\r\n      transform: scale(0.95);\r\n      transition: transform 0.3s ease;\r\n    }\r\n\r\n    .place-value-card:hover { transform: scale(1); }\r\n\r\n    .bounce-in {\r\n      animation: bounceIn 0.8s ease-out;\r\n    }\r\n\r\n    @keyframes bounceIn {\r\n      0% { transform: scale(0); }\r\n      50% { transform: scale(1.1); }\r\n      100% { transform: scale(1); }\r\n    }\r\n\r\n    .pulse-icon {\r\n      animation: pulse 2s infinite;\r\n    }\r\n\r\n    @keyframes pulse {\r\n      0%, 100% { transform: scale(1); }\r\n      50% { transform: scale(1.1); }\r\n    }\r\n\r\n    /* Responsive typography and spacing */\r\n    h1 {\r\n      font-size: clamp(2rem, 4vw, 3rem);\r\n    }\r\n\r\n    h2 {\r\n      font-size: clamp(1.5rem, 3vw, 2rem);\r\n    }\r\n\r\n    h3 {\r\n      font-size: clamp(1.2rem, 2.5vw, 1.5rem);\r\n    }\r\n\r\n    p, .text-base {\r\n      font-size: clamp(0.9rem, 2vw, 1.2rem);\r\n    }\r\n\r\n    .text-xl {\r\n      font-size: clamp(1rem, 2.5vw, 1.5rem);\r\n    }\r\n\r\n    .text-2xl {\r\n      font-size: clamp(1.2rem, 3vw, 1.8rem);\r\n    }\r\n\r\n    .text-3xl {\r\n      font-size: clamp(1.5rem, 3.5vw, 2rem);\r\n    }\r\n\r\n    .text-4xl {\r\n      font-size: clamp(2rem, 4vw, 2.5rem);\r\n    }\r\n\r\n    .text-5xl {\r\n      font-size: clamp(2.5rem, 5vw, 3rem);\r\n    }\r\n\r\n    .text-6xl {\r\n      font-size: clamp(3rem, 6vw, 4rem);\r\n    }\r\n\r\n    .text-sm {\r\n      font-size: clamp(0.7rem, 1.5vw, 0.9rem);\r\n    }\r\n\r\n    /* Responsive spacing */\r\n    .mb-4 { margin-bottom: clamp(1rem, 2vw, 1.5rem); }\r\n    .mb-6 { margin-bottom: clamp(1.5rem, 3vw, 2rem); }\r\n    .mb-8 { margin-bottom: clamp(2rem, 4vw, 3rem); }\r\n    .mt-4 { margin-top: clamp(1rem, 2vw, 1.5rem); }\r\n    .mt-8 { margin-top: clamp(2rem, 4vw, 3rem); }\r\n    .p-4 { padding: clamp(0.8rem, 2vw, 1.2rem); }\r\n    .p-6 { padding: clamp(1rem, 2.5vw, 1.5rem); }\r\n    .gap-6 { gap: clamp(1.5rem, 3vw, 2rem); }\r\n    .gap-2 { gap: clamp(0.5rem, 1vw, 0.8rem); }\r\n    .space-x-3 > * + * { margin-left: clamp(0.5rem, 1vw, 0.8rem); }\r\n    .space-x-4 > * + * { margin-left: clamp(0.8rem, 1.5vw, 1rem); }\r\n\r\n    /* Responsive icon sizes */\r\n    .text-2xl i { font-size: clamp(1.2rem, 2.5vw, 1.5rem); }\r\n    .w-16 { width: clamp(3rem, 5vw, 4rem); }\r\n    .h-16 { height: clamp(3rem, 5vw, 4rem); }\r\n    .w-32 { width: clamp(6rem, 10vw, 8rem); }\r\n    .h-2 { height: clamp(0.1rem, 0.2vw, 0.15rem); }\r\n\r\n    /* Media Queries for fine-tuning */\r\n    @media (max-width: 768px) {\r\n      .grid-cols-1 { grid-template-columns: 1fr; }\r\n      .grid-cols-2 { grid-template-columns: 1fr; }\r\n      .sm\\:grid-cols-4 { grid-template-columns: repeat(2, 1fr); }\r\n      .decimal-box { padding: 1vmin; }\r\n    }\r\n\r\n    @media (max-width: 480px) {\r\n      .shape:nth-child(1) { width: 3vmin; height: 3vmin; }\r\n      .shape:nth-child(2) { width: 4vmin; height: 4vmin; }\r\n      .shape:nth-child(3) { width: 3.5vmin; height: 3.5vmin; }\r\n      .decimal-box { border-radius: 1vmin; }\r\n    }\r\n  </style>\r\n</head>\r\n\r\n<body>\r\n  <div class="slide-container">\r\n    <div class="slide-wrapper">\r\n      <div class="floating-shapes">\r\n        <div class="shape"></div>\r\n        <div class="shape"></div>\r\n        <div class="shape"></div>\r\n      </div>\r\n\r\n      <div class="slide-in-left mb-8">\r\n        <div class="flex items-center space-x-4 mb-4">\r\n          <div class="flex items-center justify-center w-16 h-16 bg-white bg-opacity-20 rounded-full">\r\n            <i class="fas fa-lightbulb text-2xl text-white pulse-icon"></i>\r\n          </div>\r\n          <h1 class="font-bold text-white">Số thập phân là gì?</h1>\r\n        </div>\r\n        <div class="w-32 h-2 bg-white bg-opacity-30 rounded-full"></div>\r\n      </div>\r\n\r\n      <div class="grid grid-cols-1 md:grid-cols-2 gap-6">\r\n        <div class="slide-in-left">\r\n          <div class="decimal-box p-6 h-full">\r\n            <div class="flex items-center space-x-3 mb-6">\r\n              <i class="fas fa-info-circle text-2xl text-blue-500"></i>\r\n              <h2 class="font-bold text-gray-800">Định nghĩa</h2>\r\n            </div>\r\n            <p class="text-base text-gray-700 leading-relaxed">\r\n              <strong>Số thập phân</strong> là số được viết bằng cách sử dụng\r\n              <span class="decimal-point">dấu phẩy (.)</span> để phân cách phần nguyên và phần thập phân.\r\n            </p>\r\n            <div class="bg-blue-50 p-4 mt-4 rounded-xl border-l-4 border-blue-400">\r\n              <div class="text-center">\r\n                <div class="font-bold mb-2">\r\n                  <span class="whole-part">3</span><span class="decimal-point">.</span><span class="decimal-part">25</span>\r\n                </div>\r\n                <div class="flex justify-center space-x-4 text-sm">\r\n                  <div class="text-center">\r\n                    <div class="whole-part font-bold">Phần nguyên</div>\r\n                    <div class="text-gray-600">3</div>\r\n                  </div>\r\n                  <div class="text-center">\r\n                    <div class="decimal-point font-bold">Dấu phẩy</div>\r\n                    <div class="text-gray-600">.</div>\r\n                  </div>\r\n                  <div class="text-center">\r\n                    <div class="decimal-part font-bold">Phần thập phân</div>\r\n                    <div class="text-gray-600">25</div>\r\n                  </div>\r\n                </div>\r\n              </div>\r\n            </div>\r\n          </div>\r\n        </div>\r\n\r\n        <div class="slide-in-right">\r\n          <div class="decimal-box p-6 h-full">\r\n            <div class="flex items-center space-x-3 mb-6">\r\n              <i class="fas fa-table text-2xl text-green-500"></i>\r\n              <h2 class="font-bold text-gray-800">Giá trị vị trí</h2>\r\n            </div>\r\n            <div class="text-center mb-4">\r\n              <div class="font-bold number-highlight">12.34</div>\r\n            </div>\r\n            <div class="grid grid-cols-2 sm:grid-cols-4 gap-2">\r\n              <div class="place-value-card p-4 text-center text-white bounce-in">\r\n                <div class="font-bold">1</div>\r\n                <div class="text-sm">Chục</div>\r\n              </div>\r\n              <div class="place-value-card p-4 text-center text-white bounce-in">\r\n                <div class="font-bold">2</div>\r\n                <div class="text-sm">Đơn vị</div>\r\n              </div>\r\n              <div class="place-value-card p-4 text-center text-white bounce-in">\r\n                <div class="font-bold">3</div>\r\n                <div class="text-sm">Phần mười</div>\r\n              </div>\r\n              <div class="place-value-card p-4 text-center text-white bounce-in">\r\n                <div class="font-bold">4</div>\r\n                <div class="text-sm">Phần trăm</div>\r\n              </div>\r\n            </div>\r\n            <div class="bg-green-50 p-4 mt-4 rounded-lg border-l-4 border-green-400">\r\n              <p class="text-base text-gray-700">\r\n                <strong>12.34</strong> = 1×10 + 2×1 + 3×0.1 + 4×0.01\r\n              </p>\r\n            </div>\r\n          </div>\r\n        </div>\r\n      </div>\r\n\r\n      <div class="fade-in-up mt-8">\r\n        <div class="decimal-box p-6">\r\n          <div class="flex items-center justify-center space-x-3 mb-4">\r\n            <i class="fas fa-star text-xl text-yellow-500"></i>\r\n            <h3 class="font-bold text-gray-800">Ví dụ thường gặp</h3>\r\n          </div>\r\n          <div class="flex flex-wrap justify-center gap-6">\r\n            <div class="text-center">\r\n              <div class="text-2xl font-bold text-blue-600 mb-1">2.5</div>\r\n              <div class="text-gray-600">Hai phẩy năm</div>\r\n            </div>\r\n            <div class="text-center">\r\n              <div class="text-2xl font-bold text-green-600 mb-1">0.75</div>\r\n              <div class="text-gray-600">Không phẩy bảy mười lăm</div>\r\n            </div>\r\n            <div class="text-center">\r\n              <div class="text-2xl font-bold text-purple-600 mb-1">15.6</div>\r\n              <div class="text-gray-600">Mười lăm phẩy sáu</div>\r\n            </div>\r\n            <div class="text-center">\r\n              <div class="text-2xl font-bold text-red-600 mb-1">7.89</div>\r\n              <div class="text-gray-600">Bảy phẩy tám chín</div>\r\n            </div>\r\n          </div>\r\n        </div>\r\n      </div>\r\n\r\n    </div>\r\n  </div>\r\n</body>\r\n\r\n</html>', 'Nội dung chi tiết Slide 2', '2025-06-10 14:25:30.138798'),
	(8, 1, 2, 3, '<p>Các điểm chính của bài giảng.</p>', 'Tổng kết Slide 3', '2025-06-10 14:25:30.142582'),
	(9, 1, 4, 0, '123', 'Slide 1', '2025-06-13 15:53:29.645696'),
	(10, 1, 4, 1, '345', 'Slide 2', '2025-06-13 15:53:29.659248');

-- Dumping structure for table lessonsdb.users
CREATE TABLE IF NOT EXISTS `users` (
  `id` int NOT NULL AUTO_INCREMENT,
  `created_at` datetime(6) NOT NULL,
  `email` varchar(255) NOT NULL,
  `full_name` varchar(255) NOT NULL,
  PRIMARY KEY (`id`),
  UNIQUE KEY `UK6dotkott2kjsp8vw4d0m25fb7` (`email`)
) ENGINE=InnoDB AUTO_INCREMENT=3 DEFAULT CHARSET=utf8mb4 COLLATE=utf8mb4_0900_ai_ci;

-- Dumping data for table lessonsdb.users: ~2 rows (approximately)
INSERT INTO `users` (`id`, `created_at`, `email`, `full_name`) VALUES
	(1, '2025-06-10 13:41:13.000000', 'email.com', 'do anh dai'),
	(2, '2025-06-10 13:41:41.000000', 'email', 'ronaldo');

/*!40103 SET TIME_ZONE=IFNULL(@OLD_TIME_ZONE, 'system') */;
/*!40101 SET SQL_MODE=IFNULL(@OLD_SQL_MODE, '') */;
/*!40014 SET FOREIGN_KEY_CHECKS=IFNULL(@OLD_FOREIGN_KEY_CHECKS, 1) */;
/*!40101 SET CHARACTER_SET_CLIENT=@OLD_CHARACTER_SET_CLIENT */;
/*!40111 SET SQL_NOTES=IFNULL(@OLD_SQL_NOTES, 1) */;
